CustomerID,TotalOrders,TotalQuantity,TotalSpending,AvgOrderValue,AvgItemsInCart,Cluster
C10002,1,3,1470.03,1470.03,4.0,0
C10054,1,2,153.48,153.48,7.0,0
C10126,1,2,1349.8,1349.8,4.0,0
C10154,1,4,1303.04,1303.04,8.0,1
C10211,1,5,635.9000000000001,635.9000000000001,10.0,1
C10222,1,1,204.08,204.08,4.0,0
C10477,1,1,466.42,466.42,5.0,0
C10642,1,2,922.74,922.74,5.0,0
C10787,1,4,1099.28,1099.28,9.0,1
C10791,1,1,355.09,355.09,5.0,0
C10866,1,3,789.5699999999999,789.5699999999999,5.0,0
C10892,1,2,754.94,754.94,7.0,0
C11127,1,5,1306.65,1306.65,5.0,1
C11210,1,5,454.6,454.6,9.0,1
C11415,1,5,2876.2,2876.2,7.0,1
C11473,1,2,146.82,146.82,2.0,0
C11644,1,1,46.66,46.66,6.0,0
C11657,1,4,264.4,264.4,9.0,0
C11665,1,3,337.38,337.38,6.0,0
C11676,1,2,929.0,929.0,2.0,0
C11829,1,2,279.14,279.14,4.0,0
C11849,1,2,476.5,476.5,7.0,0
C11893,1,5,1582.0,1582.0,7.0,1
C11906,1,3,1237.59,1237.59,6.0,0
C11921,1,1,452.7,452.7,5.0,0
C11940,1,3,448.02,448.02,7.0,0
C11985,1,1,30.44,30.44,1.0,0
C11998,1,3,1495.98,1495.98,6.0,1
C12039,1,1,132.68,132.68,1.0,0
C12245,1,2,815.58,815.58,3.0,0
C12301,1,1,531.74,531.74,1.0,0
C12388,1,5,2683.6,2683.6,10.0,1
C12408,1,2,161.54,161.54,4.0,0
C12421,1,1,93.02,93.02,4.0,0
C12444,1,3,230.88,230.88,8.0,0
C12459,1,2,284.16,284.16,4.0,0
C12472,1,3,252.93,252.93,3.0,0
C12479,1,5,124.1,124.1,10.0,0
C12487,1,3,1427.07,1427.07,3.0,0
C12607,1,1,281.52,281.52,6.0,0
C12609,1,4,547.32,547.32,8.0,0
C12667,1,1,223.3,223.3,1.0,0
C12740,1,5,644.75,644.75,10.0,1
C12813,1,5,1462.7,1462.7,8.0,1
C12818,1,3,191.04,191.04,6.0,0
C13100,1,4,1177.64,1177.64,4.0,0
C13108,1,5,3293.85,3293.85,10.0,1
C13169,1,1,536.07,536.07,5.0,0
C13186,1,2,889.68,889.68,7.0,0
C13205,1,5,2107.1,2107.1,7.0,1
C13296,1,2,108.82,108.82,6.0,0
C13324,1,2,1199.48,1199.48,2.0,0
C13366,1,4,2714.2,2714.2,5.0,1
C13501,1,5,427.6,427.6,5.0,0
C13525,1,3,212.79,212.79,5.0,0
C13540,1,4,1239.64,1239.64,5.0,1
C13877,1,5,3384.9,3384.9,5.0,1
C13923,1,1,118.8,118.8,6.0,0
C14005,1,2,80.46,80.46,4.0,0
C14017,1,2,1248.32,1248.32,2.0,0
C14080,1,1,283.69,283.69,6.0,0
C14114,1,3,1704.06,1704.06,3.0,1
C14240,1,1,491.11,491.11,4.0,0
C14427,1,2,533.9,533.9,3.0,0
C14455,1,3,164.85,164.85,8.0,0
C14457,1,5,395.4,395.4,8.0,0
C14552,1,5,1120.0,1120.0,9.0,1
C14553,1,3,440.1899999999999,440.1899999999999,8.0,0
C14568,1,4,885.32,885.32,5.0,0
C14576,1,4,2156.8,2156.8,8.0,1
C14600,1,2,441.8,441.8,4.0,0
C14683,1,2,1069.34,1069.34,7.0,0
C14737,1,4,581.64,581.64,7.0,0
C14837,1,1,183.18,183.18,6.0,0
C14847,2,5,1097.81,548.905,4.0,2
C14891,1,4,1654.96,1654.96,7.0,1
C14983,1,1,17.24,17.24,2.0,0
C15017,1,1,675.57,675.57,1.0,0
C15063,1,5,426.1,426.1,7.0,0
C15146,1,5,190.55,190.55,6.0,0
C15228,1,3,1422.42,1422.42,8.0,1
C15257,1,4,580.2,580.2,6.0,0
C15283,1,1,381.02,381.02,6.0,0
C15624,1,5,3097.6,3097.6,9.0,1
C15629,1,3,912.4499999999999,912.4499999999999,3.0,0
C15681,1,4,2161.64,2161.64,6.0,1
C15849,1,1,525.43,525.43,2.0,0
C15924,1,1,245.89,245.89,3.0,0
C16012,1,1,630.82,630.82,5.0,0
C16253,1,2,399.4,399.4,4.0,0
C16400,1,3,628.4399999999999,628.4399999999999,4.0,0
C16429,1,1,679.65,679.65,6.0,0
C16612,1,1,600.54,600.54,4.0,0
C16675,1,4,857.4,857.4,7.0,0
C16693,1,4,949.72,949.72,8.0,1
C16702,1,3,1390.17,1390.17,3.0,0
C16758,1,3,188.31,188.31,6.0,0
C16775,1,5,3353.75,3353.75,8.0,1
C16776,1,2,320.0,320.0,4.0,0
C16790,1,4,258.96,258.96,8.0,0
C17075,1,4,1259.04,1259.04,8.0,1
C17103,1,3,1278.36,1278.36,5.0,0
C17132,1,1,386.03,386.03,4.0,0
C17136,1,4,641.96,641.96,8.0,0
C17181,1,5,2276.65,2276.65,8.0,1
C17269,1,4,1733.8,1733.8,4.0,1
C17302,1,1,359.99,359.99,5.0,0
C17388,1,1,317.25,317.25,1.0,0
C17389,1,1,522.08,522.08,5.0,0
C17470,1,2,461.9,461.9,3.0,0
C17551,1,1,518.39,518.39,4.0,0
C17591,1,1,479.76,479.76,1.0,0
C17921,1,4,1210.6,1210.6,8.0,1
C17966,1,2,185.74,185.74,5.0,0
C18037,1,2,140.68,140.68,3.0,0
C18076,1,3,1766.22,1766.22,8.0,1
C18104,1,5,635.9000000000001,635.9000000000001,9.0,1
C18105,1,4,2332.08,2332.08,4.0,1
C18138,1,3,1618.38,1618.38,4.0,1
C18167,1,4,887.84,887.84,7.0,0
C18169,1,2,929.84,929.84,2.0,0
C18187,1,1,605.28,605.28,3.0,0
C18353,1,3,1299.99,1299.99,4.0,0
C18404,1,5,3370.2,3370.2,7.0,1
C18473,1,2,840.58,840.58,3.0,0
C18567,1,4,365.84,365.84,9.0,0
C18583,1,5,1822.1,1822.1,10.0,1
C18717,1,5,2793.15,2793.15,8.0,1
C18724,1,1,616.1,616.1,6.0,0
C18820,1,5,2573.0,2573.0,10.0,1
C18826,1,3,1443.3,1443.3,3.0,0
C18944,1,4,1575.2,1575.2,7.0,1
C18984,1,3,1767.9,1767.9,6.0,1
C19071,1,3,1352.94,1352.94,8.0,1
C19266,1,3,442.17,442.17,3.0,0
C19368,1,2,646.44,646.44,7.0,0
C19384,1,4,351.16,351.16,6.0,0
C19402,1,4,1204.68,1204.68,6.0,1
C19439,1,1,440.34,440.34,2.0,0
C19451,1,4,2357.76,2357.76,5.0,1
C19648,1,4,2673.44,2673.44,5.0,1
C19722,1,1,596.24,596.24,4.0,0
C19742,1,1,332.09,332.09,5.0,0
C19759,1,2,1176.6,1176.6,2.0,0
C19937,1,1,438.34,438.34,5.0,0
C20077,1,4,2372.88,2372.88,8.0,1
C20095,1,2,1325.06,1325.06,5.0,0
C20124,1,2,177.46,177.46,5.0,0
C20212,1,3,1834.35,1834.35,4.0,1
C20256,1,3,1616.22,1616.22,6.0,1
C20257,1,5,1343.9,1343.9,7.0,1
C20286,1,1,571.9,571.9,1.0,0
C20338,1,1,370.85,370.85,2.0,0
C20357,1,3,2077.32,2077.32,8.0,1
C20448,1,2,296.44,296.44,7.0,0
C20512,1,4,2763.12,2763.12,9.0,1
C20624,1,1,479.56,479.56,1.0,0
C20643,1,4,2011.96,2011.96,4.0,1
C20670,1,2,935.82,935.82,5.0,0
C20731,1,4,1777.76,1777.76,8.0,1
C20752,1,1,572.13,572.13,4.0,0
C20817,1,5,3078.35,3078.35,6.0,1
C20861,1,5,2441.75,2441.75,9.0,1
C20881,1,2,1288.1,1288.1,5.0,0
C20977,1,4,1740.48,1740.48,9.0,1
C21043,1,1,694.5,694.5,3.0,0
C21126,1,1,107.04,107.04,6.0,0
C21147,1,1,335.1,335.1,6.0,0
C21167,1,4,2235.6,2235.6,9.0,1
C21181,1,2,1350.2,1350.2,4.0,0
C21191,2,3,647.77,323.885,2.0,2
C21227,1,1,590.87,590.87,6.0,0
C21437,1,1,222.73,222.73,4.0,0
C21665,1,4,1700.72,1700.72,8.0,1
C21905,1,1,298.06,298.06,3.0,0
C21944,1,5,297.75,297.75,6.0,0
C21953,1,2,250.46,250.46,3.0,0
C22101,1,2,265.2,265.2,4.0,0
C22123,1,1,672.89,672.89,1.0,0
C22167,1,5,2178.3,2178.3,9.0,1
C22429,1,4,604.8,604.8,9.0,0
C22534,1,1,529.19,529.19,5.0,0
C22657,1,3,1901.91,1901.91,7.0,1
C22783,1,4,2771.64,2771.64,9.0,1
C22919,1,1,195.86,195.86,3.0,0
C22981,1,3,472.2,472.2,7.0,0
C22991,1,1,252.68,252.68,1.0,0
C23279,1,2,87.34,87.34,4.0,0
C23334,1,1,331.06,331.06,5.0,0
C23405,1,4,2780.4,2780.4,8.0,1
C23555,1,4,1633.44,1633.44,4.0,1
C23637,1,1,553.56,553.56,5.0,0
C23899,1,5,1358.45,1358.45,7.0,1
C23917,1,1,127.55,127.55,3.0,0
C23947,1,1,120.98,120.98,6.0,0
C23978,1,1,576.35,576.35,1.0,0
C24047,1,4,937.8,937.8,9.0,1
C24212,1,3,322.08,322.08,5.0,0
C24301,1,2,1284.08,1284.08,4.0,0
C24347,1,2,646.9,646.9,5.0,0
C24369,1,3,1079.19,1079.19,7.0,0
C24751,1,5,2506.3,2506.3,10.0,1
C24765,1,2,719.72,719.72,4.0,0
C24769,1,2,57.1,57.1,7.0,0
C24884,1,1,260.26,260.26,5.0,0
C24901,1,3,299.7,299.7,8.0,0
C25110,1,2,126.42,126.42,4.0,0
C25123,1,1,629.21,629.21,2.0,0
C25149,1,4,1054.48,1054.48,5.0,0
C25162,1,2,688.36,688.36,7.0,0
C25268,1,1,665.11,665.11,3.0,0
C25276,1,5,3313.9,3313.9,9.0,1
C25316,1,2,79.06,79.06,3.0,0
C25382,1,5,454.35,454.35,5.0,0
C25406,1,1,161.24,161.24,3.0,0
C25445,1,5,658.5,658.5,8.0,1
C25503,1,2,211.14,211.14,5.0,0
C25534,1,5,984.2,984.2,5.0,1
C25580,1,4,1563.36,1563.36,9.0,1
C25587,1,4,48.4,48.4,8.0,0
C25783,1,5,1253.4,1253.4,8.0,1
C25841,1,3,904.6500000000001,904.6500000000001,5.0,0
C25918,1,5,666.9499999999999,666.9499999999999,6.0,0
C25967,1,5,1709.8,1709.8,6.0,1
C26118,1,2,144.78,144.78,7.0,0
C26137,1,2,856.18,856.18,6.0,0
C26152,1,2,972.7,972.7,6.0,0
C26163,1,5,625.1,625.1,9.0,1
C26188,1,1,618.68,618.68,6.0,0
C26210,1,3,1334.25,1334.25,6.0,1
C26223,1,1,657.07,657.07,4.0,0
C26340,1,2,369.2,369.2,7.0,0
C26364,1,4,1314.24,1314.24,4.0,1
C26445,1,3,1500.24,1500.24,6.0,1
C26637,1,5,869.8000000000001,869.8000000000001,8.0,1
C26718,1,4,1052.36,1052.36,8.0,1
C26767,1,1,303.6,303.6,5.0,0
C26817,1,2,268.56,268.56,2.0,0
C26966,1,5,1872.9,1872.9,10.0,1
C27070,1,4,2612.52,2612.52,8.0,1
C27072,1,3,463.11,463.11,4.0,0
C27078,1,5,1181.9,1181.9,7.0,1
C27202,1,5,3267.35,3267.35,10.0,1
C27203,1,5,1040.85,1040.85,6.0,1
C27305,1,2,1390.58,1390.58,6.0,0
C27401,1,3,1619.73,1619.73,8.0,1
C27430,1,5,474.25,474.25,6.0,0
C27435,1,5,2104.9,2104.9,7.0,1
C27438,1,1,70.32,70.32,4.0,0
C27613,1,4,2462.6,2462.6,9.0,1
C27898,1,5,2513.55,2513.55,7.0,1
C28049,1,2,1293.38,1293.38,7.0,0
C28152,1,3,1714.59,1714.59,6.0,1
C28386,1,1,277.09,277.09,2.0,0
C28406,1,1,23.53,23.53,2.0,0
C28552,1,2,29.86,29.86,4.0,0
C28648,1,4,1895.44,1895.44,7.0,1
C28712,1,2,303.32,303.32,6.0,0
C28740,1,3,1670.97,1670.97,4.0,1
C28828,1,3,395.88,395.88,8.0,0
C28889,1,3,258.87,258.87,6.0,0
C28893,1,1,620.21,620.21,1.0,0
C28976,1,2,1067.62,1067.62,3.0,0
C29041,1,3,1768.68,1768.68,6.0,1
C29059,1,3,1503.9,1503.9,3.0,0
C29063,1,5,478.75,478.75,8.0,0
C29072,1,2,687.98,687.98,4.0,0
C29092,1,4,60.04,60.04,6.0,0
C29314,1,2,788.6,788.6,6.0,0
C29318,1,1,24.48,24.48,1.0,0
C29405,1,2,448.74,448.74,3.0,0
C29416,1,1,150.17,150.17,1.0,0
C29432,1,3,1406.22,1406.22,4.0,0
C29467,1,1,191.76,191.76,1.0,0
C29483,1,4,1222.88,1222.88,5.0,1
C29568,1,4,194.44,194.44,7.0,0
C29620,1,1,460.13,460.13,1.0,0
C29685,1,5,1923.45,1923.45,6.0,1
C29697,1,1,401.82,401.82,5.0,0
C29701,1,3,61.62,61.62,3.0,0
C29703,1,4,2790.0,2790.0,7.0,1
C29758,1,2,798.64,798.64,6.0,0
C29844,1,2,877.24,877.24,3.0,0
C29885,1,3,568.3199999999999,568.3199999999999,4.0,0
C29905,1,2,1067.9,1067.9,5.0,0
C29914,1,1,133.39,133.39,2.0,0
C29931,1,4,612.36,612.36,4.0,0
C30010,1,3,382.23,382.23,7.0,0
C30168,1,3,933.99,933.99,3.0,0
C30184,1,1,427.06,427.06,1.0,0
C30334,1,2,267.1,267.1,7.0,0
C30411,1,4,2551.16,2551.16,9.0,1
C30477,1,1,201.58,201.58,2.0,0
C30513,1,1,586.44,586.44,5.0,0
C30643,1,3,918.8700000000001,918.8700000000001,7.0,0
C30686,1,4,1614.32,1614.32,9.0,1
C30711,1,1,278.66,278.66,2.0,0
C30722,1,5,1333.9,1333.9,5.0,1
C30923,1,1,654.27,654.27,2.0,0
C30955,1,4,167.6,167.6,9.0,0
C31072,1,4,916.4,916.4,8.0,1
C31105,1,1,583.99,583.99,2.0,0
C31371,1,2,507.36,507.36,6.0,0
C31412,1,4,2042.32,2042.32,7.0,1
C31501,1,3,1764.15,1764.15,8.0,1
C31668,1,5,569.35,569.35,6.0,0
C31761,1,4,2600.16,2600.16,6.0,1
C31764,1,1,655.09,655.09,6.0,0
C31772,1,1,693.41,693.41,4.0,0
C31810,1,1,178.44,178.44,2.0,0
C31946,1,4,2037.52,2037.52,6.0,1
C32011,1,1,628.89,628.89,2.0,0
C32029,1,4,701.44,701.44,4.0,0
C32121,1,4,795.24,795.24,9.0,1
C32183,1,3,1985.67,1985.67,6.0,1
C32347,1,1,249.81,249.81,1.0,0
C32570,1,1,11.39,11.39,6.0,0
C32580,1,5,1874.95,1874.95,9.0,1
C32650,1,2,1210.52,1210.52,4.0,0
C32687,1,2,852.44,852.44,7.0,0
C32798,1,2,993.24,993.24,2.0,0
C32854,1,1,65.45,65.45,2.0,0
C32943,1,2,824.28,824.28,2.0,0
C32956,1,5,2715.8,2715.8,6.0,1
C32960,1,5,2223.8,2223.8,7.0,1
C33051,1,2,883.08,883.08,2.0,0
C33099,1,5,241.9,241.9,9.0,0
C33110,1,3,1584.42,1584.42,3.0,0
C33220,1,4,1852.16,1852.16,9.0,1
C33260,1,3,1270.59,1270.59,6.0,1
C33313,1,3,1738.65,1738.65,8.0,1
C33315,1,3,1687.65,1687.65,6.0,1
C33540,1,1,273.19,273.19,5.0,0
C33634,1,4,2355.4,2355.4,7.0,1
C33729,1,3,1978.71,1978.71,6.0,1
C33744,1,4,2307.48,2307.48,5.0,1
C33802,1,1,604.87,604.87,4.0,0
C34134,1,1,254.12,254.12,1.0,0
C34266,1,4,2519.52,2519.52,8.0,1
C34337,1,5,950.5500000000001,950.5500000000001,7.0,1
C34416,1,2,99.24,99.24,2.0,0
C34555,1,1,372.8,372.8,6.0,0
C34686,1,1,68.39,68.39,3.0,0
C35043,1,5,132.15,132.15,5.0,0
C35091,1,1,211.14,211.14,1.0,0
C35100,1,2,639.82,639.82,3.0,0
C35117,1,2,1395.86,1395.86,2.0,0
C35123,1,4,1546.92,1546.92,4.0,1
C35136,1,1,634.94,634.94,5.0,0
C35168,1,2,1199.72,1199.72,7.0,0
C35355,1,4,1327.6,1327.6,5.0,1
C35377,1,5,3119.05,3119.05,6.0,1
C35397,1,5,331.55,331.55,7.0,0
C35483,1,3,671.0999999999999,671.0999999999999,3.0,0
C35566,1,4,258.76,258.76,7.0,0
C35628,1,3,1660.71,1660.71,4.0,1
C35669,1,5,2894.15,2894.15,6.0,1
C35711,1,4,1308.48,1308.48,4.0,1
C35785,1,1,427.82,427.82,2.0,0
C35852,2,7,1248.39,624.195,5.5,2
C35854,1,5,939.85,939.85,9.0,1
C35983,1,5,3137.15,3137.15,10.0,1
C35987,1,5,3267.3,3267.3,9.0,1
C36014,1,2,869.94,869.94,7.0,0
C36137,1,3,717.24,717.24,8.0,0
C36150,1,2,1069.82,1069.82,5.0,0
C36174,1,3,926.94,926.94,3.0,0
C36383,1,5,2107.2,2107.2,5.0,1
C36408,1,5,3075.5,3075.5,10.0,1
C36467,1,1,75.78,75.78,5.0,0
C36492,1,1,45.94,45.94,2.0,0
C36497,1,2,86.3,86.3,3.0,0
C36534,1,3,1963.62,1963.62,7.0,1
C36540,1,4,728.32,728.32,4.0,0
C36613,1,3,1894.92,1894.92,3.0,1
C36688,1,1,305.17,305.17,3.0,0
C36725,1,5,3253.6,3253.6,8.0,1
C36778,1,1,388.33,388.33,2.0,0
C36813,1,3,1842.45,1842.45,3.0,1
C36825,1,2,877.52,877.52,2.0,0
C36938,1,3,761.9399999999999,761.9399999999999,3.0,0
C36992,1,3,671.37,671.37,3.0,0
C36997,1,4,745.64,745.64,6.0,0
C37032,1,2,847.76,847.76,7.0,0
C37235,1,4,151.04,151.04,7.0,0
C37249,1,2,491.72,491.72,4.0,0
C37375,1,2,1036.46,1036.46,5.0,0
C37412,1,1,432.47,432.47,4.0,0
C37454,1,3,1303.35,1303.35,4.0,0
C37455,1,5,2380.05,2380.05,7.0,1
C37531,1,5,1349.3,1349.3,6.0,1
C37594,1,4,1361.2,1361.2,8.0,1
C37969,1,3,362.46,362.46,5.0,0
C38024,1,2,546.86,546.86,7.0,0
C38065,1,3,1178.55,1178.55,6.0,0
C38068,1,5,1302.65,1302.65,5.0,1
C38126,1,4,2060.76,2060.76,9.0,1
C38134,1,2,419.88,419.88,3.0,0
C38262,1,1,155.27,155.27,6.0,0
C38557,1,3,1915.5,1915.5,4.0,1
C38642,1,5,1046.0,1046.0,6.0,1
C38669,1,4,405.28,405.28,7.0,0
C38785,1,2,361.0,361.0,6.0,0
C38840,2,9,5723.23,2861.615,7.0,2
C38845,1,1,532.89,532.89,2.0,0
C38928,1,4,1671.56,1671.56,4.0,1
C38966,1,5,2021.95,2021.95,10.0,1
C39000,1,1,287.46,287.46,3.0,0
C39017,1,3,994.3799999999999,994.3799999999999,6.0,0
C39074,1,5,3032.6,3032.6,6.0,1
C39106,1,1,546.19,546.19,5.0,0
C39130,1,5,226.55,226.55,8.0,0
C39176,1,4,1737.68,1737.68,6.0,1
C39246,1,5,931.4,931.4,8.0,1
C39256,1,1,417.1,417.1,3.0,0
C39260,1,2,427.66,427.66,2.0,0
C39416,1,1,473.96,473.96,3.0,0
C39530,1,3,1704.15,1704.15,6.0,1
C39550,1,1,558.27,558.27,1.0,0
C39551,1,1,76.93,76.93,6.0,0
C39593,1,3,2078.13,2078.13,3.0,1
C39638,1,4,2161.32,2161.32,6.0,1
C39639,1,1,65.95,65.95,5.0,0
C39648,1,1,465.33,465.33,2.0,0
C39664,1,5,946.25,946.25,10.0,1
C39671,1,1,217.56,217.56,3.0,0
C39791,1,2,597.06,597.06,5.0,0
C39906,1,1,75.01,75.01,3.0,0
C39911,1,4,2073.6,2073.6,7.0,1
C40136,1,3,1039.56,1039.56,3.0,0
C40140,1,5,363.2,363.2,7.0,0
C40201,1,2,185.82,185.82,3.0,0
C40304,1,4,479.36,479.36,8.0,0
C40427,1,1,613.98,613.98,4.0,0
C40466,1,1,541.64,541.64,5.0,0
C40538,1,2,423.64,423.64,4.0,0
C40648,1,2,603.76,603.76,5.0,0
C40771,1,4,697.96,697.96,5.0,0
C40798,1,3,1081.98,1081.98,5.0,0
C40863,1,3,489.39,489.39,5.0,0
C40882,1,4,868.52,868.52,8.0,1
C40949,1,2,1105.26,1105.26,7.0,0
C40967,1,5,287.25,287.25,10.0,0
C41132,1,1,381.61,381.61,5.0,0
C41137,1,3,1347.39,1347.39,5.0,0
C41284,1,4,737.92,737.92,4.0,0
C41320,1,3,1709.52,1709.52,8.0,1
C41331,1,5,1203.05,1203.05,10.0,1
C41460,1,5,747.75,747.75,9.0,1
C41478,1,4,2138.28,2138.28,6.0,1
C41508,1,4,429.96,429.96,5.0,0
C41598,1,3,1472.76,1472.76,5.0,1
C41709,1,2,712.7,712.7,6.0,0
C41903,1,3,160.8,160.8,4.0,0
C41974,1,3,2099.79,2099.79,7.0,1
C42108,1,2,641.36,641.36,5.0,0
C42235,1,4,1193.44,1193.44,8.0,1
C42270,1,2,482.98,482.98,7.0,0
C42306,1,3,612.8100000000001,612.8100000000001,4.0,0
C42365,1,1,214.08,214.08,2.0,0
C42372,1,4,1093.0,1093.0,5.0,0
C42451,1,5,665.05,665.05,10.0,1
C42577,1,1,399.98,399.98,3.0,0
C42949,1,1,660.66,660.66,3.0,0
C43124,1,4,2773.44,2773.44,8.0,1
C43212,1,4,2200.56,2200.56,4.0,1
C43249,1,3,1391.43,1391.43,8.0,1
C43330,1,3,580.47,580.47,6.0,0
C43335,1,2,548.24,548.24,6.0,0
C43338,1,3,1435.95,1435.95,4.0,0
C43443,1,5,3129.85,3129.85,9.0,1
C43524,1,5,2621.3,2621.3,5.0,1
C43538,1,3,1290.18,1290.18,8.0,1
C43545,1,5,1876.25,1876.25,9.0,1
C43546,1,3,485.91,485.91,4.0,0
C43595,1,5,2807.4,2807.4,9.0,1
C43721,1,1,131.61,131.61,2.0,0
C43842,1,2,1303.14,1303.14,7.0,0
C43867,1,1,524.06,524.06,3.0,0
C43911,1,4,1674.84,1674.84,8.0,1
C43919,1,3,1804.8,1804.8,7.0,1
C43965,1,2,359.92,359.92,5.0,0
C44148,1,4,1505.72,1505.72,5.0,1
C44176,1,1,77.64,77.64,1.0,0
C44267,1,2,853.4,853.4,5.0,0
C44277,1,1,458.63,458.63,4.0,0
C44366,1,2,776.44,776.44,2.0,0
C44492,1,5,277.05,277.05,5.0,0
C44619,1,3,475.11,475.11,6.0,0
C44674,1,1,627.34,627.34,1.0,0
C44733,1,1,87.06,87.06,4.0,0
C44778,1,1,153.0,153.0,4.0,0
C45104,1,1,687.89,687.89,1.0,0
C45175,1,1,70.82,70.82,1.0,0
C45187,1,5,420.65,420.65,9.0,0
C45482,1,2,198.2,198.2,6.0,0
C45599,1,5,2379.75,2379.75,8.0,1
C45671,1,2,1314.96,1314.96,5.0,0
C45862,1,1,176.1,176.1,1.0,0
C45899,1,2,1285.96,1285.96,7.0,0
C46015,1,5,1812.3,1812.3,6.0,1
C46210,1,3,1286.64,1286.64,3.0,0
C46316,1,2,930.36,930.36,2.0,0
C46504,1,2,745.84,745.84,7.0,0
C46509,1,2,1174.98,1174.98,6.0,0
C46557,1,2,237.18,237.18,2.0,0
C46651,2,5,1360.8899999999999,680.4449999999999,5.0,2
C46873,1,4,1965.16,1965.16,6.0,1
C46877,1,1,210.7,210.7,2.0,0
C46886,1,3,1849.17,1849.17,6.0,1
C46920,1,2,1362.12,1362.12,3.0,0
C46967,1,2,1026.84,1026.84,5.0,0
C47022,1,3,500.97,500.97,8.0,0
C47086,1,4,609.16,609.16,6.0,0
C47283,1,1,263.96,263.96,2.0,0
C47284,1,3,893.01,893.01,6.0,0
C47307,1,2,1202.86,1202.86,5.0,0
C47365,1,2,82.0,82.0,7.0,0
C47486,1,1,320.92,320.92,5.0,0
C47761,1,4,1165.4,1165.4,6.0,1
C47778,1,5,3334.0,3334.0,7.0,1
C47823,1,2,956.72,956.72,3.0,0
C48120,1,1,280.25,280.25,5.0,0
C48176,1,4,1736.92,1736.92,8.0,1
C48207,1,2,833.62,833.62,2.0,0
C48453,1,5,3194.0,3194.0,10.0,1
C48510,1,2,1042.8,1042.8,7.0,0
C48531,1,1,30.54,30.54,1.0,0
C48577,1,4,1640.84,1640.84,5.0,1
C48601,1,1,414.47,414.47,3.0,0
C48646,1,5,1159.1,1159.1,6.0,1
C48649,1,3,204.36,204.36,3.0,0
C48713,1,5,159.8,159.8,5.0,0
C48790,1,5,107.7,107.7,10.0,0
C48846,1,2,904.1,904.1,3.0,0
C48939,1,5,2147.25,2147.25,5.0,1
C48942,1,4,2654.68,2654.68,7.0,1
C48946,1,5,309.85,309.85,6.0,0
C48965,1,1,299.35,299.35,5.0,0
C49009,1,5,537.4,537.4,9.0,1
C49111,1,3,1510.17,1510.17,5.0,1
C49137,1,2,598.46,598.46,2.0,0
C49187,1,1,535.5,535.5,5.0,0
C49198,1,3,1940.37,1940.37,5.0,1
C49282,1,5,253.7,253.7,7.0,0
C49491,1,5,114.7,114.7,10.0,0
C49517,1,1,594.96,594.96,6.0,0
C49605,1,2,457.82,457.82,4.0,0
C49710,1,4,1637.12,1637.12,8.0,1
C49720,1,3,391.83,391.83,4.0,0
C49726,1,1,17.98,17.98,6.0,0
C49831,1,3,1474.29,1474.29,6.0,1
C49838,1,2,1105.66,1105.66,3.0,0
C49938,1,1,62.12,62.12,2.0,0
C49995,1,4,984.44,984.44,4.0,0
C50087,1,3,366.33,366.33,4.0,0
C50097,1,5,2339.05,2339.05,10.0,1
C50114,1,2,98.16,98.16,7.0,0
C50121,1,1,583.18,583.18,5.0,0
C50137,1,3,59.19,59.19,3.0,0
C50159,1,3,667.02,667.02,5.0,0
C50211,1,2,53.0,53.0,3.0,0
C50236,1,4,2463.32,2463.32,4.0,1
C50274,1,3,1528.26,1528.26,5.0,1
C50275,1,5,269.65,269.65,7.0,0
C50304,1,2,930.3,930.3,2.0,0
C50415,1,5,2830.35,2830.35,6.0,1
C50422,1,2,1129.16,1129.16,4.0,0
C50565,1,1,411.34,411.34,5.0,0
C50612,1,4,226.64,226.64,4.0,0
C50682,1,2,501.96,501.96,5.0,0
C50683,1,2,576.42,576.42,5.0,0
C50732,1,4,590.04,590.04,4.0,0
C50967,1,2,364.8,364.8,5.0,0
C51024,1,1,489.8,489.8,4.0,0
C51145,1,4,2403.24,2403.24,9.0,1
C51157,1,3,1778.61,1778.61,3.0,1
C51404,1,2,378.12,378.12,7.0,0
C51481,1,5,1244.2,1244.2,10.0,1
C51494,1,2,977.74,977.74,4.0,0
C51694,1,2,1361.7,1361.7,6.0,0
C51811,1,3,1335.36,1335.36,8.0,1
C51898,1,4,898.44,898.44,6.0,0
C51921,1,3,1318.59,1318.59,5.0,0
C52184,1,1,162.77,162.77,4.0,0
C52313,1,2,836.52,836.52,2.0,0
C52342,1,5,369.15,369.15,9.0,0
C52604,1,5,506.5,506.5,7.0,0
C52717,1,5,2756.35,2756.35,7.0,1
C52751,1,4,1055.72,1055.72,4.0,0
C52879,1,5,3194.6,3194.6,5.0,1
C52914,1,4,839.96,839.96,8.0,1
C52915,1,2,657.08,657.08,6.0,0
C53049,1,2,1126.12,1126.12,6.0,0
C53070,1,4,2048.24,2048.24,5.0,1
C53215,1,1,265.38,265.38,6.0,0
C53252,1,4,570.32,570.32,4.0,0
C53277,1,3,1595.16,1595.16,7.0,1
C53334,1,3,1496.04,1496.04,4.0,0
C53464,1,5,3299.25,3299.25,9.0,1
C53488,1,3,410.52,410.52,3.0,0
C53501,1,1,249.57,249.57,3.0,0
C53545,1,3,1084.17,1084.17,8.0,1
C53627,1,5,1527.45,1527.45,10.0,1
C53631,1,3,595.89,595.89,8.0,0
C53645,1,3,1450.59,1450.59,4.0,0
C53697,1,4,827.36,827.36,5.0,0
C53810,1,4,2358.28,2358.28,8.0,1
C54160,1,3,1010.13,1010.13,4.0,0
C54277,1,2,519.16,519.16,7.0,0
C54298,1,3,1437.63,1437.63,5.0,1
C54390,1,3,580.74,580.74,7.0,0
C54409,1,3,1018.17,1018.17,7.0,0
C54494,1,2,352.92,352.92,2.0,0
C54499,1,1,668.48,668.48,1.0,0
C54595,1,1,121.96,121.96,3.0,0
C54675,1,2,1291.7,1291.7,5.0,0
C54725,1,2,289.32,289.32,7.0,0
C54759,1,1,109.29,109.29,5.0,0
C54829,1,5,312.55,312.55,9.0,0
C54886,1,1,355.15,355.15,2.0,0
C55164,1,3,1979.64,1979.64,3.0,1
C55205,1,4,793.4,793.4,7.0,0
C55286,1,5,2873.95,2873.95,8.0,1
C55354,1,2,684.22,684.22,2.0,0
C55388,1,3,1213.86,1213.86,6.0,0
C55454,1,1,677.48,677.48,1.0,0
C55464,1,1,601.36,601.36,1.0,0
C55590,1,1,625.51,625.51,1.0,0
C55606,1,4,1102.0,1102.0,8.0,1
C55632,1,5,2158.45,2158.45,10.0,1
C55636,1,4,1702.4,1702.4,5.0,1
C55757,1,2,922.26,922.26,4.0,0
C55778,1,5,551.9,551.9,10.0,1
C55819,1,5,1268.75,1268.75,9.0,1
C55996,1,5,2543.45,2543.45,10.0,1
C56266,1,4,640.88,640.88,9.0,0
C56506,1,3,773.52,773.52,4.0,0
C56553,1,3,212.43,212.43,8.0,0
C56564,1,2,507.48,507.48,5.0,0
C56622,1,2,1095.34,1095.34,3.0,0
C56722,1,5,110.35,110.35,7.0,0
C56796,1,1,678.38,678.38,4.0,0
C56851,1,5,958.15,958.15,6.0,1
C56928,1,4,1435.0,1435.0,9.0,1
C56938,1,3,1117.8,1117.8,7.0,0
C56969,2,3,193.0,96.5,4.0,2
C57093,1,3,553.41,553.41,4.0,0
C57276,1,5,3456.4,3456.4,10.0,1
C57502,1,4,2242.32,2242.32,6.0,1
C57601,1,4,294.6,294.6,9.0,0
C57798,1,4,2308.32,2308.32,8.0,1
C57861,1,3,915.48,915.48,8.0,0
C57867,1,4,1543.68,1543.68,8.0,1
C58063,1,2,987.26,987.26,6.0,0
C58108,1,4,2517.36,2517.36,4.0,1
C58156,1,1,95.1,95.1,1.0,0
C58168,1,3,754.4399999999999,754.4399999999999,4.0,0
C58341,1,1,639.83,639.83,2.0,0
C58410,1,1,645.46,645.46,5.0,0
C58443,1,2,848.64,848.64,6.0,0
C58503,1,5,1402.6,1402.6,7.0,1
C58638,1,4,1531.52,1531.52,6.0,1
C58721,1,3,617.58,617.58,4.0,0
C58773,1,5,2567.45,2567.45,8.0,1
C58808,1,2,539.66,539.66,4.0,0
C58858,1,2,674.64,674.64,4.0,0
C59139,1,5,458.35,458.35,9.0,1
C59169,1,4,2517.36,2517.36,7.0,1
C59183,1,5,3322.55,3322.55,8.0,1
C59278,1,5,2360.05,2360.05,10.0,1
C59337,1,2,1068.86,1068.86,5.0,0
C59338,1,3,2070.9,2070.9,6.0,1
C59441,1,5,2092.65,2092.65,6.0,1
C59554,1,2,912.08,912.08,4.0,0
C59572,1,1,542.07,542.07,6.0,0
C59579,1,2,897.7,897.7,6.0,0
C59685,1,2,788.32,788.32,2.0,0
C59724,1,2,819.5,819.5,2.0,0
C59752,1,5,1538.8,1538.8,9.0,1
C59774,1,1,72.6,72.6,6.0,0
C59823,1,4,640.28,640.28,5.0,0
C60029,1,3,1524.36,1524.36,8.0,1
C60037,1,2,1054.92,1054.92,3.0,0
C60042,1,4,1761.24,1761.24,6.0,1
C60178,1,3,1023.45,1023.45,4.0,0
C60190,1,4,1898.76,1898.76,6.0,1
C60203,1,2,583.7,583.7,5.0,0
C60215,1,4,334.4,334.4,4.0,0
C60329,1,5,2476.75,2476.75,5.0,1
C60355,1,2,1000.58,1000.58,7.0,0
C60361,1,5,1948.1,1948.1,7.0,1
C60384,1,4,1484.28,1484.28,7.0,1
C60547,1,1,257.0,257.0,5.0,0
C60572,1,3,1497.63,1497.63,8.0,1
C60575,1,5,1959.3,1959.3,6.0,1
C60672,1,1,423.4,423.4,3.0,0
C60699,1,3,1235.85,1235.85,7.0,1
C61070,1,2,951.56,951.56,2.0,0
C61090,1,4,2062.36,2062.36,7.0,1
C61162,1,4,721.0,721.0,7.0,0
C61225,1,2,1300.5,1300.5,6.0,0
C61257,1,2,507.34,507.34,3.0,0
C61280,1,3,1472.22,1472.22,3.0,0
C61384,1,3,802.3499999999999,802.3499999999999,5.0,0
C61440,1,1,583.9,583.9,1.0,0
C61521,1,2,690.02,690.02,6.0,0
C61549,1,4,1286.04,1286.04,9.0,1
C61618,1,4,488.8,488.8,7.0,0
C61668,1,2,139.28,139.28,6.0,0
C61773,1,4,981.12,981.12,6.0,0
C61849,1,4,2311.28,2311.28,9.0,1
C61943,1,2,985.8,985.8,5.0,0
C61957,1,1,483.38,483.38,6.0,0
C62042,1,5,1539.9,1539.9,10.0,1
C62070,1,1,176.58,176.58,4.0,0
C62169,1,1,184.15,184.15,5.0,0
C62277,1,4,309.88,309.88,7.0,0
C62312,1,1,52.54,52.54,6.0,0
C62405,1,2,460.72,460.72,4.0,0
C62512,1,3,275.22,275.22,8.0,0
C62557,1,3,1232.64,1232.64,8.0,1
C62622,1,1,562.61,562.61,3.0,0
C62627,1,1,41.09,41.09,4.0,0
C62656,1,4,873.72,873.72,9.0,1
C62661,1,3,1147.11,1147.11,8.0,1
C62666,1,5,322.5,322.5,8.0,0
C62740,1,1,424.4,424.4,6.0,0
C63018,1,1,38.49,38.49,4.0,0
C63150,1,3,410.91,410.91,4.0,0
C63153,1,4,2199.04,2199.04,4.0,1
C63365,1,5,1098.9,1098.9,8.0,1
C63372,1,5,2428.55,2428.55,10.0,1
C63378,1,1,512.39,512.39,2.0,0
C63619,1,3,1857.63,1857.63,6.0,1
C63657,1,3,1274.67,1274.67,6.0,1
C63727,1,2,724.28,724.28,2.0,0
C63822,1,4,507.56,507.56,9.0,0
C63827,1,4,1974.92,1974.92,6.0,1
C64128,1,3,284.64,284.64,8.0,0
C64160,1,2,330.98,330.98,4.0,0
C64502,1,5,1600.05,1600.05,6.0,1
C64516,1,3,1517.37,1517.37,3.0,0
C64549,1,5,1006.1,1006.1,6.0,1
C64554,1,3,410.52,410.52,4.0,0
C64579,1,1,234.37,234.37,5.0,0
C64638,1,1,527.57,527.57,3.0,0
C64641,1,5,2119.65,2119.65,5.0,1
C64753,1,4,1050.08,1050.08,4.0,0
C64935,1,1,304.11,304.11,2.0,0
C65021,1,2,809.92,809.92,4.0,0
C65056,1,4,2129.96,2129.96,6.0,1
C65083,1,4,2631.16,2631.16,6.0,1
C65107,1,1,70.24,70.24,4.0,0
C65180,1,4,858.16,858.16,7.0,0
C65251,1,5,1168.35,1168.35,10.0,1
C65414,1,2,595.42,595.42,7.0,0
C65497,1,1,163.32,163.32,6.0,0
C65524,1,5,1919.1,1919.1,7.0,1
C65565,1,3,402.15,402.15,3.0,0
C65744,1,1,582.04,582.04,1.0,0
C65799,1,4,2260.8,2260.8,9.0,1
C65890,1,5,1577.85,1577.85,6.0,1
C65905,1,5,950.4000000000001,950.4000000000001,9.0,1
C65986,1,5,3352.4,3352.4,5.0,1
C66078,1,4,1101.12,1101.12,9.0,1
C66093,1,4,2595.64,2595.64,6.0,1
C66112,1,4,1866.8,1866.8,8.0,1
C66116,1,5,322.45,322.45,7.0,0
C66149,1,4,1537.28,1537.28,6.0,1
C66196,1,2,796.9,796.9,7.0,0
C66254,1,1,515.32,515.32,1.0,0
C66332,1,3,1907.94,1907.94,5.0,1
C66349,1,1,565.85,565.85,1.0,0
C66438,1,1,90.27,90.27,5.0,0
C66462,1,5,1739.6,1739.6,6.0,1
C66521,1,4,1600.28,1600.28,5.0,1
C66567,1,2,79.02,79.02,5.0,0
C66840,1,4,2313.08,2313.08,9.0,1
C66906,1,2,518.64,518.64,2.0,0
C67195,1,4,2306.08,2306.08,5.0,1
C67260,1,5,3390.8,3390.8,7.0,1
C67387,1,5,1418.65,1418.65,8.0,1
C67528,1,4,1185.12,1185.12,5.0,1
C67533,1,1,26.95,26.95,1.0,0
C67551,1,4,1955.12,1955.12,5.0,1
C67561,1,3,1660.56,1660.56,4.0,1
C67583,1,1,338.31,338.31,3.0,0
C67604,1,2,279.38,279.38,7.0,0
C67687,1,2,868.6,868.6,7.0,0
C67818,1,1,442.39,442.39,6.0,0
C67870,1,4,1648.8,1648.8,6.0,1
C67932,1,3,514.98,514.98,7.0,0
C67936,1,2,1072.5,1072.5,3.0,0
C68078,1,2,987.76,987.76,7.0,0
C68266,1,3,1960.89,1960.89,7.0,1
C68508,1,1,123.28,123.28,3.0,0
C68553,1,3,742.41,742.41,4.0,0
C68609,1,3,1330.32,1330.32,3.0,0
C68936,1,3,1662.75,1662.75,6.0,1
C68937,1,2,850.06,850.06,2.0,0
C68976,1,5,868.25,868.25,9.0,1
C69009,1,5,2280.3,2280.3,10.0,1
C69021,1,3,1874.52,1874.52,8.0,1
C69149,1,2,1062.98,1062.98,7.0,0
C69167,1,3,165.03,165.03,7.0,0
C69168,1,1,21.19,21.19,5.0,0
C69213,1,4,2579.84,2579.84,7.0,1
C69332,1,3,1695.75,1695.75,7.0,1
C69396,1,3,1808.25,1808.25,6.0,1
C69471,1,4,1448.24,1448.24,4.0,1
C69476,1,4,996.28,996.28,5.0,0
C69542,1,1,422.54,422.54,1.0,0
C69994,1,5,2332.1,2332.1,5.0,1
C70010,1,5,1153.85,1153.85,10.0,1
C70148,1,5,2647.75,2647.75,10.0,1
C70246,1,3,476.22,476.22,7.0,0
C70315,1,4,2024.44,2024.44,5.0,1
C70352,1,1,626.6,626.6,4.0,0
C70412,1,4,2313.12,2313.12,5.0,1
C70426,1,2,672.64,672.64,3.0,0
C70437,1,4,2620.72,2620.72,5.0,1
C70452,1,4,1265.28,1265.28,7.0,1
C70492,1,4,1984.0,1984.0,8.0,1
C70495,1,2,114.14,114.14,3.0,0
C70506,1,1,454.23,454.23,3.0,0
C70529,1,1,105.92,105.92,6.0,0
C70554,1,3,418.35,418.35,8.0,0
C70566,1,5,2682.9,2682.9,5.0,1
C70613,1,5,2323.7,2323.7,7.0,1
C70633,1,2,367.34,367.34,3.0,0
C70659,2,8,1853.96,926.98,6.5,2
C70921,1,2,457.08,457.08,3.0,0
C70999,1,2,433.32,433.32,6.0,0
C71035,1,1,436.77,436.77,5.0,0
C71040,1,4,1739.4,1739.4,4.0,1
C71076,1,2,511.98,511.98,4.0,0
C71122,1,1,634.4,634.4,6.0,0
C71310,1,5,2922.3,2922.3,8.0,1
C71471,1,1,595.54,595.54,4.0,0
C71473,1,5,1709.2,1709.2,8.0,1
C71486,1,3,1407.96,1407.96,3.0,0
C71570,1,4,2137.92,2137.92,9.0,1
C71680,1,4,2270.28,2270.28,9.0,1
C71698,1,5,2446.85,2446.85,8.0,1
C71797,1,4,1857.16,1857.16,5.0,1
C71899,1,3,2004.99,2004.99,4.0,1
C72007,1,3,1298.55,1298.55,4.0,0
C72043,1,1,394.53,394.53,2.0,0
C72166,1,1,314.38,314.38,6.0,0
C72241,1,4,2709.48,2709.48,8.0,1
C72290,1,3,556.2,556.2,7.0,0
C72293,1,3,688.02,688.02,6.0,0
C72533,1,1,376.76,376.76,5.0,0
C72588,1,5,1574.7,1574.7,8.0,1
C72596,1,2,770.32,770.32,7.0,0
C72649,1,5,2853.1,2853.1,7.0,1
C72664,1,1,627.15,627.15,5.0,0
C72862,1,1,84.8,84.8,5.0,0
C73225,1,2,1100.36,1100.36,3.0,0
C73289,1,3,1945.77,1945.77,4.0,1
C73370,1,1,44.35,44.35,1.0,0
C73514,1,3,1395.15,1395.15,3.0,0
C73575,1,5,3219.45,3219.45,8.0,1
C73587,1,4,1632.84,1632.84,9.0,1
C73629,1,1,265.64,265.64,3.0,0
C73813,1,4,445.2,445.2,7.0,0
C73873,1,2,661.38,661.38,5.0,0
C73893,1,5,1638.4,1638.4,6.0,1
C73941,1,2,1250.44,1250.44,5.0,0
C73961,1,4,530.24,530.24,8.0,0
C73996,1,2,287.64,287.64,6.0,0
C73999,1,2,375.76,375.76,4.0,0
C74003,1,4,1221.28,1221.28,4.0,0
C74005,1,5,2240.75,2240.75,7.0,1
C74138,1,2,196.94,196.94,3.0,0
C74169,1,1,310.93,310.93,3.0,0
C74359,1,5,1841.25,1841.25,5.0,1
C74499,1,2,744.46,744.46,7.0,0
C74519,1,3,945.81,945.81,4.0,0
C74562,1,1,220.77,220.77,5.0,0
C74866,1,3,1994.37,1994.37,6.0,1
C74928,1,2,612.48,612.48,4.0,0
C74982,1,5,2042.8,2042.8,8.0,1
C75018,1,3,2007.18,2007.18,7.0,1
C75439,1,3,344.43,344.43,7.0,0
C75456,1,3,276.66,276.66,5.0,0
C75619,1,2,742.58,742.58,5.0,0
C75739,1,2,302.7,302.7,3.0,0
C75888,1,3,1346.7,1346.7,7.0,1
C76140,1,4,826.4,826.4,6.0,0
C76207,1,5,2606.25,2606.25,8.0,1
C76362,1,3,709.5,709.5,8.0,0
C76653,1,4,1539.4,1539.4,9.0,1
C76675,1,3,1991.79,1991.79,6.0,1
C76700,1,2,623.82,623.82,2.0,0
C76761,1,4,470.04,470.04,7.0,0
C76766,1,4,2512.48,2512.48,6.0,1
C76929,1,1,356.81,356.81,1.0,0
C77046,1,4,741.64,741.64,9.0,1
C77085,1,4,1050.32,1050.32,8.0,1
C77122,1,1,438.37,438.37,4.0,0
C77166,1,3,741.33,741.33,3.0,0
C77272,1,5,2492.4,2492.4,8.0,1
C77344,1,1,343.31,343.31,6.0,0
C77357,1,1,474.6,474.6,4.0,0
C77363,1,1,96.81,96.81,3.0,0
C77499,1,3,547.4399999999999,547.4399999999999,3.0,0
C77736,1,2,798.08,798.08,3.0,0
C77763,1,3,1508.31,1508.31,8.0,1
C77800,1,3,1378.02,1378.02,3.0,0
C77872,1,2,1027.18,1027.18,4.0,0
C77961,1,3,1087.59,1087.59,5.0,0
C78170,1,5,341.7,341.7,6.0,0
C78305,1,3,1092.42,1092.42,7.0,0
C78500,1,5,2512.35,2512.35,10.0,1
C78684,1,3,1765.32,1765.32,8.0,1
C78724,1,3,1266.39,1266.39,7.0,1
C78725,1,4,1880.36,1880.36,4.0,1
C78959,1,2,632.4,632.4,2.0,0
C79142,1,1,569.96,569.96,4.0,0
C79475,1,5,2542.95,2542.95,8.0,1
C79506,1,2,746.34,746.34,6.0,0
C79508,1,1,135.17,135.17,6.0,0
C79533,1,5,3008.6,3008.6,5.0,1
C79674,1,2,873.68,873.68,2.0,0
C79722,1,5,1382.2,1382.2,10.0,1
C79821,1,1,531.18,531.18,6.0,0
C79842,1,4,945.64,945.64,7.0,1
C79909,1,2,137.62,137.62,5.0,0
C80004,1,3,2052.42,2052.42,3.0,1
C80135,1,5,1107.55,1107.55,5.0,1
C80151,1,4,1723.32,1723.32,8.0,1
C80183,1,1,365.57,365.57,5.0,0
C80223,1,4,2651.76,2651.76,8.0,1
C80416,1,5,1087.15,1087.15,10.0,1
C80649,1,1,312.11,312.11,4.0,0
C80651,1,3,1194.51,1194.51,5.0,0
C80735,1,2,130.14,130.14,4.0,0
C80868,1,3,1420.47,1420.47,7.0,1
C80872,1,5,1984.3,1984.3,9.0,1
C80987,1,1,132.05,132.05,2.0,0
C81074,1,1,157.72,157.72,2.0,0
C81192,1,3,1939.02,1939.02,5.0,1
C81319,1,5,1342.15,1342.15,5.0,1
C81366,1,1,410.6,410.6,2.0,0
C81370,1,5,2532.25,2532.25,7.0,1
C81547,1,2,510.52,510.52,6.0,0
C81573,1,1,36.65,36.65,1.0,0
C81726,1,4,2161.36,2161.36,6.0,1
C81728,1,5,2753.4,2753.4,8.0,1
C81840,1,4,2504.04,2504.04,8.0,1
C81857,1,2,1127.64,1127.64,3.0,0
C81882,1,3,463.92,463.92,6.0,0
C82068,1,1,408.13,408.13,3.0,0
C82217,1,4,1717.48,1717.48,8.0,1
C82313,1,3,197.58,197.58,8.0,0
C82318,1,1,528.06,528.06,2.0,0
C82344,1,3,2028.63,2028.63,5.0,1
C82399,1,1,158.68,158.68,6.0,0
C82550,1,2,667.66,667.66,4.0,0
C82685,1,3,475.98,475.98,7.0,0
C82781,1,4,109.68,109.68,4.0,0
C82858,1,3,593.91,593.91,5.0,0
C82921,1,1,208.36,208.36,4.0,0
C82990,1,2,300.1,300.1,4.0,0
C83026,1,5,1686.9,1686.9,5.0,1
C83223,1,4,650.84,650.84,7.0,0
C83492,1,1,664.42,664.42,6.0,0
C83548,1,1,144.25,144.25,2.0,0
C83556,1,4,1059.16,1059.16,5.0,0
C83653,1,4,925.04,925.04,6.0,0
C83911,1,4,2799.52,2799.52,5.0,1
C84041,1,2,1001.6,1001.6,3.0,0
C84115,1,3,1362.87,1362.87,4.0,0
C84134,1,4,2772.28,2772.28,8.0,1
C84320,1,3,208.95,208.95,7.0,0
C84329,1,1,431.44,431.44,3.0,0
C84331,1,5,3223.2,3223.2,6.0,1
C84480,1,5,2342.55,2342.55,9.0,1
C84524,1,4,2071.92,2071.92,8.0,1
C84563,1,2,472.66,472.66,3.0,0
C84570,1,4,120.2,120.2,6.0,0
C84630,1,5,2592.75,2592.75,6.0,1
C84645,1,2,822.98,822.98,4.0,0
C84700,1,5,1599.85,1599.85,7.0,1
C84766,1,2,688.04,688.04,4.0,0
C84834,1,3,409.02,409.02,8.0,0
C84888,1,1,51.73,51.73,1.0,0
C84908,1,1,420.26,420.26,4.0,0
C85018,1,3,824.25,824.25,3.0,0
C85059,1,4,987.4,987.4,8.0,1
C85074,1,4,934.8,934.8,8.0,1
C85282,1,5,3143.7,3143.7,9.0,1
C85322,1,3,813.06,813.06,6.0,0
C85330,1,5,1140.45,1140.45,9.0,1
C85421,1,3,1641.45,1641.45,4.0,1
C85466,1,3,441.87,441.87,3.0,0
C85520,1,4,1862.64,1862.64,9.0,1
C85841,1,4,2597.88,2597.88,8.0,1
C85863,1,3,397.4399999999999,397.4399999999999,4.0,0
C85929,1,3,440.73,440.73,6.0,0
C85993,1,4,2189.28,2189.28,8.0,1
C86064,1,3,834.1200000000001,834.1200000000001,5.0,0
C86266,1,4,1618.32,1618.32,5.0,1
C86374,1,5,1363.85,1363.85,7.0,1
C86408,1,4,84.28,84.28,4.0,0
C86481,1,1,171.59,171.59,5.0,0
C86524,1,2,732.46,732.46,2.0,0
C86762,1,5,2043.65,2043.65,10.0,1
C86773,1,4,789.44,789.44,9.0,1
C86864,1,2,92.72,92.72,4.0,0
C87011,1,4,101.16,101.16,8.0,0
C87051,1,1,72.31,72.31,1.0,0
C87124,1,1,198.51,198.51,5.0,0
C87181,1,4,2619.16,2619.16,9.0,1
C87216,1,5,1580.35,1580.35,10.0,1
C87281,1,5,3243.25,3243.25,7.0,1
C87432,1,4,1208.2,1208.2,6.0,1
C87448,1,1,450.07,450.07,6.0,0
C87524,1,1,625.0,625.0,5.0,0
C87529,1,4,987.64,987.64,8.0,1
C87547,1,4,380.12,380.12,8.0,0
C87687,1,3,1137.21,1137.21,3.0,0
C87764,1,2,206.82,206.82,2.0,0
C87777,1,2,816.64,816.64,3.0,0
C87994,1,4,2392.76,2392.76,7.0,1
C87995,1,4,1925.92,1925.92,5.0,1
C88029,1,5,3277.75,3277.75,5.0,1
C88036,1,5,1571.35,1571.35,6.0,1
C88075,1,5,2651.7,2651.7,9.0,1
C88174,1,1,18.2,18.2,4.0,0
C88205,1,5,3215.15,3215.15,5.0,1
C88304,1,2,768.28,768.28,2.0,0
C88348,1,3,604.47,604.47,4.0,0
C88370,1,2,279.9,279.9,5.0,0
C88371,1,4,1132.64,1132.64,6.0,1
C88463,1,5,2539.7,2539.7,9.0,1
C88546,1,4,813.84,813.84,7.0,0
C88644,1,1,392.61,392.61,4.0,0
C88645,1,3,1751.16,1751.16,5.0,1
C88775,1,5,1989.05,1989.05,5.0,1
C88933,1,1,92.04,92.04,2.0,0
C88981,1,4,2445.04,2445.04,5.0,1
C89336,1,1,92.79,92.79,3.0,0
C89559,1,2,662.84,662.84,6.0,0
C89592,1,5,2547.9,2547.9,6.0,1
C89674,1,2,1151.66,1151.66,3.0,0
C89732,1,1,406.22,406.22,5.0,0
C89822,1,1,410.78,410.78,1.0,0
C89979,1,5,3170.0,3170.0,8.0,1
C90110,1,1,418.36,418.36,5.0,0
C90132,1,5,1304.65,1304.65,9.0,1
C90142,1,1,334.39,334.39,2.0,0
C90292,1,4,1105.28,1105.28,5.0,0
C90310,1,4,762.56,762.56,5.0,0
C90318,1,2,1259.12,1259.12,5.0,0
C90348,1,4,899.0,899.0,7.0,0
C90350,1,2,367.34,367.34,6.0,0
C90363,1,5,3044.55,3044.55,6.0,1
C90431,1,2,844.68,844.68,4.0,0
C90573,1,1,438.93,438.93,3.0,0
C90595,1,5,391.45,391.45,5.0,0
C90612,1,3,1103.25,1103.25,7.0,0
C90757,1,4,1979.36,1979.36,8.0,1
C90852,1,3,1725.03,1725.03,8.0,1
C90898,1,5,1491.95,1491.95,7.0,1
C90993,1,4,153.12,153.12,4.0,0
C91029,1,4,2131.48,2131.48,9.0,1
C91099,1,2,1025.3,1025.3,5.0,0
C91103,1,4,1023.44,1023.44,7.0,1
C91123,1,4,1202.24,1202.24,9.0,1
C91155,2,6,704.8199999999999,352.40999999999997,6.5,2
C91201,1,2,93.0,93.0,7.0,0
C91245,1,3,675.33,675.33,4.0,0
C91255,1,5,851.1,851.1,8.0,1
C91454,1,2,557.76,557.76,3.0,0
C91486,1,4,268.32,268.32,8.0,0
C91518,1,3,759.1500000000001,759.1500000000001,3.0,0
C91582,1,3,1949.79,1949.79,7.0,1
C91591,1,4,2609.92,2609.92,5.0,1
C91805,1,3,1819.23,1819.23,7.0,1
C91941,1,3,1188.0,1188.0,4.0,0
C92049,1,4,2666.08,2666.08,8.0,1
C92086,1,2,749.2,749.2,3.0,0
C92180,1,2,977.8,977.8,7.0,0
C92294,1,4,1225.4,1225.4,7.0,1
C92407,1,3,1672.23,1672.23,4.0,1
C92548,1,5,1132.25,1132.25,6.0,1
C92575,1,5,2464.7,2464.7,10.0,1
C92788,1,1,243.71,243.71,6.0,0
C93007,1,2,465.66,465.66,7.0,0
C93175,1,4,58.76,58.76,9.0,0
C93220,1,2,730.34,730.34,4.0,0
C93276,1,5,1652.25,1652.25,10.0,1
C93309,1,5,1821.4,1821.4,5.0,1
C93375,1,3,446.16,446.16,7.0,0
C93379,1,3,128.85,128.85,8.0,0
C93467,1,4,2219.32,2219.32,6.0,1
C93473,1,5,3196.85,3196.85,6.0,1
C93618,1,3,603.63,603.63,3.0,0
C93768,1,3,972.9000000000001,972.9000000000001,8.0,0
C93821,1,3,1075.44,1075.44,7.0,0
C93861,1,3,147.42,147.42,7.0,0
C93948,1,3,336.87,336.87,6.0,0
C94037,1,2,510.28,510.28,2.0,0
C94248,1,1,64.66,64.66,4.0,0
C94257,1,2,1394.38,1394.38,7.0,1
C94311,1,4,2740.8,2740.8,6.0,1
C94323,1,5,379.05,379.05,10.0,1
C94381,1,2,1216.08,1216.08,4.0,0
C94479,1,5,314.05,314.05,9.0,0
C94508,1,4,176.28,176.28,6.0,0
C94568,1,4,1939.4,1939.4,5.0,1
C94569,2,3,1675.3500000000001,837.6750000000001,2.5,2
C94595,1,4,247.64,247.64,6.0,0
C94658,1,2,886.44,886.44,5.0,0
C94671,1,1,167.15,167.15,5.0,0
C94698,1,1,586.62,586.62,5.0,0
C94921,1,2,438.2,438.2,4.0,0
C95100,1,1,627.2,627.2,1.0,0
C95213,1,3,1806.72,1806.72,8.0,1
C95269,1,2,389.7,389.7,5.0,0
C95271,1,3,927.6600000000001,927.6600000000001,7.0,0
C95568,1,3,973.4100000000001,973.4100000000001,4.0,0
C95623,1,3,1870.02,1870.02,3.0,1
C95643,1,4,2426.28,2426.28,5.0,1
C95667,1,4,463.08,463.08,7.0,0
C95856,1,2,1279.76,1279.76,5.0,0
C95901,1,3,1993.38,1993.38,4.0,1
C95984,1,3,1033.2,1033.2,3.0,0
C96034,1,4,121.08,121.08,9.0,0
C96136,1,5,1946.1,1946.1,7.0,1
C96257,1,4,1803.0,1803.0,6.0,1
C96261,1,2,970.74,970.74,5.0,0
C96283,1,3,924.03,924.03,3.0,0
C96434,1,4,2536.2,2536.2,6.0,1
C96494,1,1,179.22,179.22,6.0,0
C96583,1,4,139.36,139.36,8.0,0
C96595,1,3,1719.66,1719.66,5.0,1
C96636,1,1,39.56,39.56,5.0,0
C96664,1,3,769.3799999999999,769.3799999999999,4.0,0
C96695,1,1,564.86,564.86,6.0,0
C96787,1,2,1066.04,1066.04,2.0,0
C96822,1,2,989.56,989.56,2.0,0
C97148,1,4,1135.16,1135.16,8.0,1
C97187,1,1,670.54,670.54,6.0,0
C97218,1,5,2300.7,2300.7,10.0,1
C97262,1,4,1724.04,1724.04,7.0,1
C97454,1,2,698.8,698.8,2.0,0
C97485,1,4,915.64,915.64,4.0,0
C97593,2,5,2855.2200000000003,1427.6100000000001,7.0,2
C97603,1,4,2373.08,2373.08,5.0,1
C97643,1,4,2051.0,2051.0,8.0,1
C97681,1,5,2166.3,2166.3,9.0,1
C97715,1,2,727.82,727.82,2.0,0
C97735,1,5,408.5,408.5,6.0,0
C97749,1,3,1026.06,1026.06,5.0,0
C97774,1,4,1807.88,1807.88,7.0,1
C97907,1,3,1758.63,1758.63,4.0,1
C98096,1,2,635.54,635.54,4.0,0
C98168,1,5,2103.5,2103.5,5.0,1
C98216,1,5,2463.75,2463.75,6.0,1
C98276,1,1,14.06,14.06,5.0,0
C98278,1,3,1241.49,1241.49,8.0,1
C98317,1,4,2786.84,2786.84,4.0,1
C98332,1,3,1316.67,1316.67,3.0,0
C98354,1,3,151.02,151.02,3.0,0
C98450,1,4,357.64,357.64,9.0,0
C98474,2,6,2175.34,1087.67,5.5,2
C98483,1,5,110.7,110.7,10.0,0
C98635,1,1,538.68,538.68,6.0,0
C98761,1,4,1994.04,1994.04,4.0,1
C99023,1,4,1371.8,1371.8,6.0,1
C99024,1,1,684.65,684.65,1.0,0
C99050,1,2,1201.14,1201.14,3.0,0
C99116,1,4,2746.44,2746.44,6.0,1
C99128,1,3,138.33,138.33,5.0,0
C99173,1,3,1070.52,1070.52,5.0,0
C99205,1,2,1024.66,1024.66,7.0,0
C99214,1,3,97.85999999999999,97.85999999999999,6.0,0
C99217,1,5,1435.65,1435.65,10.0,1
C99271,1,2,226.58,226.58,5.0,0
C99533,1,1,678.01,678.01,4.0,0
C99589,1,1,641.39,641.39,1.0,0
C99683,1,5,1663.2,1663.2,10.0,1
C99775,1,4,1654.84,1654.84,9.0,1
C99879,1,3,821.8799999999999,821.8799999999999,8.0,0
C99904,1,2,646.74,646.74,3.0,0
